~, Item Type, Name, Military, Bandit, Clear Sky, Duty, Ecologist, Freedom, Sin, UNISG, Mercenary, Monolith, Renegade, Free Stalkers, Zombified
wpn_sks_b,Sniper Rifle,SKS,"Rookie, Trainee","Rookie, Trainee, Experienced, Professional, Veteran, Expert","Trainee","Rookie, Trainee, Experienced, Professional, Veteran, Expert","Rookie, Trainee, Experienced, Professional",,,,,,"Rookie, Trainee, Experienced, Professional, Veteran, Expert","Rookie, Trainee, Experienced, Veteran","Any, Rookie, Trainee, Experienced, Professional, Veteran, Expert, Master, Legend"
wpn_toz106_m1,Shotgun,TOZ-106,,"Rookie, Trainee, Experienced, Professional","Trainee",,"Rookie, Trainee, Experienced, Professional",,,,,,"Rookie, Trainee, Experienced, Professional","Rookie, Trainee, Experienced, Professional","Any, Rookie, Trainee, Experienced, Professional, Veteran, Expert, Master, Legend"
wpn_vz61,SMG,Skorpion vz.68,"Rookie, Trainee, Experienced, Professional","Rookie, Trainee, Experienced, Professional, Veteran, Expert","Trainee","Rookie, Trainee, Experienced, Professional",,,,,,,"Rookie, Trainee, Experienced, Professional, Veteran, Expert","Rookie, Trainee","Any, Rookie, Trainee"
wpn_toz106,Shotgun,TOZ-106,,"Rookie, Trainee, Experienced, Professional",,,,,,,,,,,
wpn_desert_eagle,Pistol,Desert Eagle,,,"Rookie",,"Veteran, Expert","Experienced, Professional, Veteran, Expert, Master, Legend",,"Rookie, Trainee, Experienced, Professional, Veteran, Expert, Master, Legend","Rookie, Trainee, Experienced, Professional, Veteran, Expert, Master, Legend","Rookie, Trainee, Experienced, Professional, Veteran, Expert, Master, Legend, Gauss squad, Sniper squad, RG6 squad",,,
wpn_spas12,Shotgun,SPAS-12,,,"Veteran, Expert, Master, Legend",,"Veteran, Expert, Master, Legend","Experienced, Professional, Veteran, Expert, Master, Legend",,"Rookie, Trainee, Experienced, Professional, Veteran, Expert","Experienced, Professional, Veteran, Expert, Master, Legend","Experienced, Professional, Veteran, Expert, Master, Legend","Rookie, Trainee, Experienced, Professional, Veteran, Expert, Master, Legend",,
wpn_sr25,Sniper Rifle,SR-25,,,,,"Master, Legend","Master, Legend",,"Veteran, Expert, Master, Legend","Master, Legend","Master, Legend, Gauss squad, RG6 squad, Sniper squad",,,
wpn_sr1m,Pistol,Serdyukov SR-1MP Gyurza 9x21 pistol,"Rookie, Trainee, Experienced, Professional, Veteran, Expert, Master, Legend, Sniper squad","Rookie, Trainee, Experienced, Professional, Veteran, Expert, Master, Legend","Trainee, Experienced, Professional, Veteran, Expert, Master, Legend","Rookie, Trainee, Experienced, Professional, Veteran, Expert, Master, Legend","Rookie, Trainee, Experienced, Professional, Master, Legend",,"Rookie, Trainee, Experienced, Professional, Veteran, Expert, Master, Legend",,,"Rookie, Trainee, Experienced, Professional, Veteran, Expert, Master, Legend, Gauss squad, Sniper squad, RG6 squad","Experienced, Professional, Veteran, Expert, Master, Legend","Rookie, Trainee, Experienced, Professional, Veteran, Expert, Master, Legend","Any, Rookie, Trainee"
wpn_m249,Rifle,M249 SAW,,,"Master, Legend",,"Master, Legend","Master, Legend",,"Rookie, Trainee, Experienced, Professional, Veteran, Expert, Master, Legend","Master, Legend","Legend",,,
wpn_vintorez_isg,Rifle,RD-939,,,,,,,"Legend","Master, Legend",,"Legend",,,
wpn_ak105,Rifle,AK-105,"Experienced, Professional, Veteran, Expert, Master, Legend","Veteran, Expert, Master, Legend",,"Experienced, Professional, Veteran, Expert, Master, Legend","Rookie, Trainee, Experienced, Professional, Master, Legend",,,,,"Experienced, Professional, Veteran, Expert, Master","Experienced, Professional, Veteran, Expert, Master, Legend","Experienced, Professional, Veteran, Expert, Master, Legend","Experienced, Professional, Veteran, Expert, Master, Legend"
wpn_usp_tac_45,Pistol,HK USP Tactical .45 ACP,,,,,,"Veteran, Expert, Master, Legend",,"Rookie, Trainee, Experienced, Professional, Veteran, Expert, Master, Legend","Veteran, Expert, Master, Legend","Master, Legend",,,
wpn_ithacam37_mag,Shotgun,Ithaca M37 Defense,,,"Rookie, Experienced, Professional, Veteran, Expert",,"Veteran, Expert","Rookie, Trainee, Experienced, Professional, Veteran, Expert",,,"Rookie, Trainee, Experienced, Professional, Veteran, Expert",,,,"Experienced, Professional, Veteran, Expert, Master, Legend"
wpn_p90gamma,SMG,FN P90,,,"Master, Legend",,"Veteran, Expert, Master, Legend","Master, Legend",,"Master, Legend","Experienced, Professional, Veteran, Expert, Master, Legend","Legend",,,
wpn_m98b,Sniper Rifle,Barrett M98B,,,"Master, Legend",,"Veteran, Expert, Master, Legend","Veteran, Expert, Master, Legend","Master, Legend","Veteran, Expert, Master, Legend","Experienced, Professional, Veteran, Expert, Master, Legend","Legend",,,
wpn_g36v_rwap,Rifle,G36,,,"Experienced, Professional, Veteran, Expert, Master, Legend",,"Veteran, Expert, Master, Legend","Experienced, Professional, Veteran, Expert, Master, Legend",,"Rookie, Trainee, Experienced, Professional, Veteran, Expert, Master, Legend","Experienced, Professional, Veteran, Expert, Master, Legend","Rookie, Trainee, Experienced, Professional, Veteran, Expert, Master, Legend",,,"Experienced, Professional, Veteran, Expert, Master, Legend"
wpn_adar2_15,Rifle,ADAR 2-15,"Rookie, Trainee, Experienced, Professional, Veteran, Expert","Veteran, Expert, Master, Legend","Trainee","Rookie, Trainee, Experienced, Professional, Veteran, Expert","Rookie, Trainee, Experienced, Professional, Master, Legend",,,,,"Rookie, Trainee, Experienced, Professional","Rookie, Trainee, Experienced, Professional, Veteran, Expert","Rookie, Trainee, Experienced, Professional, Veteran, Expert, Master, Legend","Any, Rookie, Trainee, Experienced, Professional, Veteran, Expert, Master, Legend"
wpn_korth_custom,Pistol,Kimber Rapide .45 ACP,,,"Rookie",,"Veteran, Expert","Experienced, Professional, Veteran, Expert, Master, Legend",,"Rookie, Trainee, Experienced, Professional, Veteran, Expert, Master, Legend","Rookie, Trainee, Experienced, Professional, Veteran, Expert, Master, Legend","Rookie, Trainee, Experienced, Professional, Veteran, Expert, Master, Legend, Gauss squad, Sniper squad, RG6 squad",,,
wpn_dvl10,Sniper Rifle,DVL-10 M2 Urbana,"Veteran, Expert","Master, Legend",,"Veteran, Expert",,,,"Rookie, Trainee, Experienced, Professional, Veteran, Expert, Master, Legend",,,"Experienced, Professional, Veteran, Expert, Master, Legend",,
wpn_aek,Rifle,AEK-971,"Experienced, Professional, Veteran, Expert, Master, Legend","Master, Legend",,"Experienced, Professional, Veteran, Expert, Master, Legend","Master, Legend",,"Trainee, Experienced, Professional, Veteran, Expert, Master, Legend",,,"Experienced, Professional, Veteran, Expert, Master, Legend","Veteran, Expert, Master, Legend","Expert, Master, Legend",
wpn_k98_mod,Sniper Rifle,Mauser 98k Forester mk.1,,,"Rookie, Experienced, Professional, Veteran, Expert",,"Veteran, Expert","Experienced, Professional, Veteran, Expert",,,"Rookie, Trainee, Experienced, Professional, Veteran, Expert",,,,"Experienced, Professional, Veteran, Expert, Master, Legend"
wpn_ks23_kaban,Shotgun,KS-23M Drozd,,,,,,,"Trainee, Experienced, Professional, Veteran, Expert, Master, Legend",,,,,,
wpn_spas12_custom,Shotgun,SPAS-12,,,,,,,,"Blackops squad",,,,,
wpn_xm4,Rifle,CAR-15,,,"Experienced, Professional, Veteran, Expert, Master, Legend",,"Veteran, Expert","Rookie, Trainee, Experienced, Professional, Veteran, Expert",,,"Experienced, Professional, Veteran, Expert",,,,"Experienced, Professional, Veteran, Expert, Master, Legend"
wpn_svu,Sniper Rifle,OTs-03 SVU,"Experienced, Professional, Veteran, Expert, Master, Legend, Sniper squad","Master, Legend",,"Rookie, Trainee, Experienced, Professional, Veteran, Expert, Master, Legend","Rookie, Trainee, Experienced, Professional, Master, Legend",,"Rookie, Trainee, Experienced, Professional, Veteran, Expert, Master, Legend",,,"Rookie, Trainee, Experienced, Professional, Veteran, Expert, Master, Legend, Gauss squad, Sniper squad, RG6 squad",,"Experienced, Professional, Veteran, Expert, Master, Legend","Experienced, Professional, Veteran, Expert, Master, Legend"
wpn_walther_p99,Pistol,Walther P99,,,"Rookie",,"Veteran, Expert","Experienced, Professional, Veteran, Expert, Master, Legend",,"Rookie, Trainee, Experienced, Professional, Veteran, Expert, Master, Legend","Rookie, Trainee, Experienced, Professional, Veteran, Expert, Master, Legend","Rookie, Trainee, Experienced, Professional, Veteran, Expert, Master, Legend, Gauss squad, Sniper squad, RG6 squad","Veteran, Expert, Master, Legend",,
wpn_l96a1m,Sniper Rifle,AWSM,,,"Master, Legend",,"Veteran, Expert, Master, Legend","Veteran, Expert, Master, Legend","Master, Legend","Rookie, Trainee, Experienced, Professional, Veteran, Expert, Master, Legend","Experienced, Professional, Veteran, Expert, Master, Legend","Legend","Master, Legend",,
wpn_fn2000_nimble,Rifle,FN F2000 "Competitor",,,"Master, Legend",,"Master, Legend","Veteran, Expert, Master, Legend",,"Rookie, Trainee, Experienced, Professional, Veteran, Expert, Master, Legend","Master, Legend","Legend",,,
wpn_ak74u_tac,Rifle,AKS-74U "Tactician","Experienced, Professional, Veteran, Expert, Master, Legend, SSU","Master, Legend",,"Experienced, Professional, Veteran, Expert, Master, Legend","Rookie, Trainee, Experienced, Professional, Master, Legend",,,,,"Experienced, Professional, Veteran, Expert, Master, Legend","Experienced, Professional, Veteran, Expert, Master, Legend","Experienced, Professional, Veteran, Expert, Master, Legend","Experienced, Professional, Veteran, Expert, Master, Legend"
grenade_f1,Explosive,F1 Grenade,"Experienced, Professional, Veteran, Expert, Master, Legend","Experienced, Professional, Veteran, Expert, Master, Legend","Experienced, Professional, Veteran, Expert, Master, Legend","Experienced, Professional, Veteran, Expert, Master, Legend","Experienced, Professional, Veteran, Expert, Master, Legend","Experienced, Professional, Veteran, Expert","Experienced, Professional, Veteran, Expert","Experienced, Professional, Veteran, Expert, Master, Legend","Experienced, Professional, Veteran, Expert, Master, Legend","Experienced, Professional, Veteran, Expert, Master, Legend","Experienced, Professional, Veteran, Expert, Master, Legend","Experienced, Professional, Veteran, Expert, Master, Legend",
wpn_scar_siber,Rifle,FN SCAR-H,,,,,"Veteran, Expert, Master, Legend","Veteran, Expert, Master, Legend",,"Rookie, Trainee, Experienced, Professional, Veteran, Expert","Experienced, Professional, Veteran, Expert, Master, Legend","Master, Legend",,,
wpn_bizon,SMG,PP-19 Bizon,"Rookie, Trainee, Experienced, Professional","Rookie, Trainee, Experienced, Professional, Veteran, Expert","Trainee","Rookie, Trainee, Experienced, Professional","Rookie, Trainee, Experienced, Professional",,,,,"Rookie, Trainee, Experienced, Professional, Veteran, Expert","Rookie, Trainee, Experienced, Professional, Veteran, Expert","Rookie, Trainee, Experienced, Professional, Veteran, Expert","Any, Rookie, Trainee, Experienced, Professional, Veteran, Expert, Master, Legend"
wpn_k98,Sniper Rifle,Karabiner 98k,,,"Rookie, Experienced, Professional, Veteran, Expert",,,"Rookie, Trainee, Experienced, Professional, Veteran, Expert",,,"Rookie, Trainee",,"Rookie, Trainee, Experienced, Professional, Veteran, Expert, Master, Legend",,"Experienced, Professional, Veteran, Expert, Master, Legend"
wpn_brn180,Rifle,BRN-180,,,"Experienced, Professional, Veteran, Expert, Master, Legend",,"Veteran, Expert, Master, Legend","Experienced, Professional, Veteran, Expert, Master, Legend",,,"Experienced, Professional, Veteran, Expert, Master, Legend","Rookie, Trainee, Experienced, Professional, Veteran, Expert, Master, Legend","Experienced, Professional, Veteran, Expert, Master, Legend",,"Experienced, Professional, Veteran, Expert, Master, Legend"
wpn_p90,SMG,FN P90,,,,,,,,"Blackops squad",,,,,
wpn_ksg23,Shotgun,KSG-23,"Veteran, Expert, Master, Legend","Master, Legend",,"Master, Legend","Master, Legend",,"Professional, Veteran, Expert, Master, Legend",,,"Master",,"Master, Legend",
wpn_beretta_camo,Pistol,Beretta Px4 Storm,,,"Rookie",,"Veteran, Expert","Experienced, Professional, Veteran, Expert, Master, Legend",,"Rookie, Trainee, Experienced, Professional, Veteran, Expert, Master, Legend","Rookie, Trainee, Experienced, Professional, Veteran, Expert, Master, Legend","Rookie, Trainee, Experienced, Professional, Veteran, Expert, Master, Legend, Gauss squad, Sniper squad, RG6 squad",,,
wpn_rpk74_16_drum,Rifle,RPK-16 LMG,"Veteran, Expert, Master, Legend",,,"Veteran, Expert, Master, Legend",,,,"Rookie, Trainee, Experienced, Professional, Veteran, Expert, Master, Legend",,"Master, Legend",,,
wpn_pl15_tan,Pistol,Lebedev PL-15 9x19 pistol,"Experienced, Professional, Veteran, Expert, Master, Legend, Sniper squad","Master, Legend","Trainee, Experienced, Professional, Veteran, Expert, Master, Legend","Experienced, Professional, Veteran, Expert, Master, Legend","Rookie, Trainee, Experienced, Professional, Master, Legend",,"Rookie, Trainee, Experienced, Professional, Veteran, Expert, Master, Legend",,,"Rookie, Trainee, Experienced, Professional, Veteran, Expert, Master, Legend, Gauss squad, Sniper squad, RG6 squad","Experienced, Professional","Rookie, Trainee, Experienced, Professional, Veteran, Expert, Master, Legend","Any, Rookie, Trainee"
wpn_ak74,Rifle,AK-74N,"Experienced, Professional, Veteran, Expert","Veteran, Expert, Master, Legend",,"Experienced, Professional, Veteran, Expert","Rookie, Trainee, Experienced, Professional, Master, Legend",,"Rookie, Trainee, Experienced, Professional, Veteran, Expert, Master, Legend",,,"Rookie, Trainee, Experienced, Professional, Veteran, Expert, Master","Experienced, Professional, Veteran, Expert, Master, Legend","Experienced, Professional, Veteran, Expert, Master, Legend","Experienced, Professional, Veteran, Expert, Master, Legend"
wpn_p90_gs,SMG,FN P90,,,"Rookie, Experienced, Professional, Veteran, Expert",,"Veteran, Expert","Rookie, Trainee, Experienced, Professional, Veteran, Expert",,"Rookie, Trainee, Experienced, Professional, Veteran, Expert, Master, Legend","Rookie, Trainee, Experienced, Professional, Veteran, Expert","Rookie, Trainee, Experienced, Professional, Veteran, Expert","Rookie, Trainee, Experienced, Professional, Veteran, Expert",,"Experienced, Professional, Veteran, Expert, Master, Legend"
wpn_rpk,Rifle,RPK,"Experienced, Professional, Veteran, Expert, Master, Legend","Veteran, Expert, Master, Legend",,"Experienced, Professional, Veteran, Expert, Master, Legend","Rookie, Trainee, Experienced, Professional, Master, Legend",,"Rookie, Trainee, Experienced, Professional, Veteran, Expert, Master, Legend",,,"Rookie, Trainee, Experienced, Professional, Veteran, Expert, Master, Legend","Experienced, Professional, Veteran, Expert, Master, Legend","Experienced, Professional, Veteran, Expert, Master, Legend","Experienced, Professional, Veteran, Expert, Master, Legend"
wpn_sv98,Sniper Rifle,SV98,"Rookie, Trainee, Experienced, Professional, Veteran, Expert, Sniper squad","Experienced, Professional, Veteran, Expert, Master, Legend",,"Rookie, Trainee, Experienced, Professional, Veteran, Expert",,,"Rookie, Trainee, Experienced, Professional, Veteran, Expert, Master, Legend",,,"Rookie, Trainee, Experienced, Professional, Veteran, Expert, Master, Legend, Gauss squad, Sniper squad, RG6 squad","Rookie, Trainee, Experienced, Professional, Veteran, Expert, Master, Legend",,
wpn_fnx45_custom,Pistol,FNX-45,,,"Rookie",,"Veteran, Expert","Experienced, Professional, Veteran, Expert, Master, Legend",,"Rookie, Trainee, Experienced, Professional, Veteran, Expert, Master, Legend","Rookie, Trainee, Experienced, Professional, Veteran, Expert, Master, Legend","Rookie, Trainee, Experienced, Professional, Veteran, Expert, Master, Legend, Gauss squad, Sniper squad, RG6 squad",,,
wpn_pm_custom,Pistol,Makarov PM Pistol 9x18,"Experienced, Professional, Veteran, Expert, Master, Legend, Sniper squad","Rookie, Trainee, Experienced, Professional, Veteran, Expert, Master, Legend","Trainee, Experienced, Professional, Veteran, Expert, Master, Legend","Experienced, Professional, Veteran, Expert, Master, Legend","Rookie, Trainee, Experienced, Professional, Master, Legend",,"Rookie, Trainee, Experienced, Professional, Veteran, Expert, Master, Legend",,,"Rookie, Trainee, Experienced, Professional, Veteran, Expert, Master, Legend, Gauss squad, Sniper squad, RG6 squad","Experienced, Professional","Rookie, Trainee, Experienced, Professional, Veteran, Expert, Master, Legend","Any, Rookie, Trainee"
wpn_groza_nimble,Rifle,OTs-14 Groza "Storm","Veteran, Expert, Master, Legend, SSU",,,"Veteran, Expert, Master, Legend",,,"Veteran, Expert, Master, Legend","Veteran, Expert, Master, Legend",,"Master, Legend",,,
wpn_sr2_veresk,SMG,SR-2M Veresk,"Rookie, Trainee, Experienced, Professional, Veteran, Expert","Veteran, Expert, Master, Legend",,"Rookie, Trainee, Experienced, Professional, Veteran, Expert",,,"Trainee, Experienced, Professional, Veteran, Expert, Master, Legend",,,"Rookie, Trainee, Experienced, Professional, Veteran, Expert","Rookie, Trainee, Experienced, Professional, Veteran, Expert",,
wpn_winchester1873,Sniper Rifle,Winchester Model 1873,,,"Rookie, Trainee, Experienced, Professional, Veteran, Expert",,"Rookie, Trainee, Experienced, Professional","Rookie, Trainee, Experienced, Professional",,,"Rookie, Trainee",,,"Rookie, Trainee, Experienced, Professional, Veteran, Expert","Any, Rookie, Trainee, Experienced, Professional, Veteran, Expert, Master, Legend"
wpn_sr2_m1,SMG,SR-2M Veresk,"Experienced, Professional, Veteran, Expert",,,"Rookie, Trainee, Experienced, Professional, Veteran, Expert","Master, Legend",,,,,"Rookie, Trainee, Experienced, Professional, Veteran, Expert",,"Veteran, Expert",
wpn_glock_modern,Pistol,Glock 19 "Hornet",,,"Rookie",,"Veteran, Expert","Experienced, Professional, Veteran, Expert, Master, Legend",,"Rookie, Trainee, Experienced, Professional, Veteran, Expert, Master, Legend","Rookie, Trainee, Experienced, Professional, Veteran, Expert, Master, Legend","Rookie, Trainee, Experienced, Professional, Veteran, Expert, Master, Legend, Gauss squad, Sniper squad, RG6 squad","Veteran, Expert, Master, Legend",,
wpn_toz34,Shotgun,TOZ-34,,"Rookie, Trainee, Experienced, Professional, Veteran, Expert","Trainee","Rookie, Trainee","Rookie, Trainee, Experienced, Professional",,,,,,,"Rookie, Trainee, Experienced","Any, Rookie, Trainee, Experienced, Professional, Veteran, Expert"
wpn_toz34_mark4_23,Shotgun,TOZ-34 "Chimera Hunter","Rookie, Trainee","Master, Legend","Master, Legend","Rookie, Trainee, Experienced, Professional, Veteran, Expert, Master, Legend","Rookie, Trainee, Experienced, Professional, Master, Legend",,"Rookie, Trainee, Experienced, Professional, Veteran, Expert, Master, Legend",,,,,"Experienced, Professional, Veteran, Expert, Master, Legend","Experienced, Professional, Veteran, Expert, Master, Legend"
wpn_mp5sd,SMG,MP5SD6,,,"Rookie, Experienced, Professional, Veteran, Expert, Master, Legend",,"Veteran, Expert, Master, Legend","Rookie, Trainee, Experienced, Professional, Veteran, Expert",,"Rookie, Trainee, Experienced, Professional, Veteran, Expert","Rookie, Trainee, Experienced, Professional, Veteran, Expert","Rookie, Trainee, Experienced, Professional, Veteran, Expert",,,"Experienced, Professional, Veteran, Expert, Master, Legend"
wpn_raptr,Shotgun,RAPTR,,,"Master, Legend","Master, Legend","Master, Legend","Master, Legend","Legend","Master, Legend","Master, Legend","Legend",,"Master, Legend",
wpn_vintorez_n1,Rifle,VSS Vintorez,"Rookie, Trainee, Experienced, Professional, Veteran, Expert","Master, Legend",,"Experienced, Professional, Veteran, Expert","Rookie, Trainee, Experienced, Professional, Master, Legend",,,,,"Rookie, Trainee, Experienced, Professional, Veteran, Expert, Master","Rookie, Trainee, Experienced, Professional, Veteran, Expert, Master, Legend","Experienced, Professional, Veteran, Expert, Master, Legend","Experienced, Professional, Veteran, Expert, Master, Legend"
wpn_svds,Sniper Rifle,SVDS,"Master, Legend","Master, Legend",,"Master, Legend","Master, Legend",,"Experienced, Professional, Veteran, Expert, Master, Legend",,,"Experienced, Professional, Veteran, Expert, Master, Legend","Master, Legend","Master, Legend",
wpn_colt1911_camo,Pistol,L.A.R. Grizzly Win Mag .357,,,"Rookie",,"Veteran, Expert","Experienced, Professional, Veteran, Expert, Master, Legend",,"Rookie, Trainee, Experienced, Professional, Veteran, Expert, Master, Legend","Rookie, Trainee, Experienced, Professional, Veteran, Expert, Master, Legend","Rookie, Trainee, Experienced, Professional, Veteran, Expert, Master, Legend, Gauss squad, Sniper squad, RG6 squad","Veteran, Expert, Master, Legend",,
wpn_benelli_m1014,Shotgun,M1014,,,"Veteran, Expert, Master, Legend",,"Master, Legend","Veteran, Expert, Master, Legend",,"Rookie, Trainee, Experienced, Professional, Veteran, Expert, Master, Legend","Master, Legend","Veteran, Expert, Master, Legend","Experienced, Professional, Veteran, Expert, Master, Legend",,
wpn_ks23,Shotgun,KS-23,"Experienced, Professional, Veteran, Expert, Master, Legend","Veteran, Expert, Master, Legend",,"Rookie, Trainee, Experienced, Professional, Veteran, Expert, Master, Legend","Master, Legend",,"Trainee, Experienced, Professional, Veteran, Expert, Master, Legend",,,"Veteran, Expert, Master",,"Veteran, Expert, Master, Legend",
wpn_sig550,Rifle,SIG SG 550,,,"Experienced, Professional, Veteran, Expert, Master, Legend",,"Veteran, Expert, Master, Legend","Experienced, Professional, Veteran, Expert, Master, Legend",,,"Experienced, Professional, Veteran, Expert, Master, Legend","Rookie, Trainee, Experienced, Professional, Veteran, Expert, Master, Legend","Experienced, Professional, Veteran, Expert, Master, Legend",,"Experienced, Professional, Veteran, Expert, Master, Legend"
wpn_mp412,Pistol,MP-412 Rex,"Rookie, Trainee, Experienced, Professional, Veteran, Expert, Master, Legend, Sniper squad","Rookie, Trainee, Experienced, Professional, Veteran, Expert, Master, Legend","Experienced, Professional, Veteran, Expert, Master, Legend","Rookie, Trainee, Experienced, Professional, Veteran, Expert, Master, Legend","Rookie, Trainee, Experienced, Professional, Master, Legend",,"Rookie, Trainee, Experienced, Professional, Veteran, Expert, Master, Legend",,,"Rookie, Trainee, Experienced, Professional, Veteran, Expert, Master, Legend, Gauss squad, Sniper squad, RG6 squad","Experienced, Professional, Veteran, Expert, Master, Legend","Experienced, Professional, Veteran, Expert, Master, Legend",
wpn_sig220_n_upg220,Pistol,SIG P220 "XXX",,,,,,,,"Blackops squad",,,,,
wpn_mk47,Rifle,CMMG Mk47 Mutant,"Master, Legend",,,"Master, Legend","Master, Legend",,,,,"Master, Legend",,"Master, Legend",
wpn_aug_freedom,SMG,Steyr AUG A3 9mm,,,"Rookie, Experienced, Professional, Veteran, Expert",,,"Rookie, Trainee, Experienced, Professional",,,"Rookie, Trainee","Rookie, Trainee, Experienced, Professional, Veteran, Expert",,,"Experienced, Professional, Veteran, Expert, Master, Legend"
wpn_g36ka4_rwap,Rifle,G36K,,,"Experienced, Professional, Veteran, Expert, Master, Legend",,"Veteran, Expert, Master, Legend","Experienced, Professional, Veteran, Expert, Master, Legend",,"Rookie, Trainee, Experienced, Professional, Veteran, Expert, Master, Legend","Experienced, Professional, Veteran, Expert, Master, Legend","Rookie, Trainee, Experienced, Professional, Veteran, Expert, Master, Legend",,,"Experienced, Professional, Veteran, Expert, Master, Legend"
wpn_remington700,Sniper Rifle,Remington 700,,,"Rookie, Experienced, Professional, Veteran, Expert, Master, Legend",,"Veteran, Expert, Master, Legend","Experienced, Professional, Veteran, Expert, Master, Legend",,"Rookie, Trainee, Experienced, Professional, Veteran, Expert, Master, Legend","Rookie, Trainee, Experienced, Professional, Veteran, Expert, Master, Legend","Rookie, Trainee, Experienced, Professional, Veteran, Expert, Master, Legend, Gauss squad, Sniper squad, RG6 squad",,,"Experienced, Professional, Veteran, Expert, Master, Legend"
wpn_rpk74_16,Rifle,RPK-16 LMG,"Experienced, Professional, Veteran, Expert, Master, Legend",,,"Experienced, Professional, Veteran, Expert, Master, Legend","Master, Legend",,,,,"Experienced, Professional, Veteran, Expert, Master, Legend",,"Expert, Master, Legend",
wpn_pb,Pistol,Silenced Pistol PB 9x18,"Experienced, Professional, Veteran, Expert, Master, Legend, Sniper squad","Rookie, Trainee, Experienced, Professional, Veteran, Expert, Master, Legend","Trainee, Experienced, Professional, Veteran, Expert, Master, Legend","Experienced, Professional, Veteran, Expert, Master, Legend","Rookie, Trainee, Experienced, Professional, Master, Legend",,"Rookie, Trainee, Experienced, Professional, Veteran, Expert, Master, Legend",,,"Rookie, Trainee, Experienced, Professional, Veteran, Expert, Master, Legend, Gauss squad, Sniper squad, RG6 squad","Experienced, Professional","Rookie, Trainee, Experienced, Professional, Veteran, Expert, Master, Legend","Any, Rookie, Trainee"
wpn_eft_rsh12,Pistol,RSh-12 Shorty 12.7x55mm,"Veteran, Expert, Master, Legend","Master, Legend","Master, Legend","Veteran, Expert, Master, Legend",,,"Master, Legend",,,"Master, Legend",,"Master, Legend",
wpn_gauss,Sniper Rifle,Gauss Rifle,,,,,,,,"Master, Legend",,"Legend",,,
wpn_sks_molot,Sniper Rifle,SKS Molot,"Rookie, Trainee","Experienced, Professional, Veteran, Expert",,"Rookie, Trainee, Experienced, Professional, Veteran, Expert",,,,,,,"Rookie, Trainee, Experienced, Professional, Veteran, Expert",,
wpn_saiga12s_m1,Shotgun,Saiga-12,"Experienced, Professional, Veteran, Expert, Master, Legend, SSU","Veteran, Expert, Master, Legend",,"Experienced, Professional, Veteran, Expert, Master, Legend","Master, Legend",,,,,"Rookie, Trainee, Experienced, Professional, Veteran, Expert, Master","Rookie, Trainee, Experienced, Professional, Veteran, Expert","Professional, Veteran, Expert, Master, Legend",
wpn_howa20,Rifle,Howa Type 20,,,"Master, Legend",,"Master, Legend","Veteran, Expert, Master, Legend",,"Master, Legend","Master, Legend","Legend",,,
wpn_dvl10_m1,Sniper Rifle,DVL-10 M1 Saboteur,"Veteran, Expert","Master, Legend",,"Veteran, Expert",,,,,,"Legend","Experienced, Professional, Veteran, Expert, Master, Legend","Master, Legend",
wpn_9a91,Rifle,9A-91,"Experienced, Professional, Veteran, Expert, Master, Legend, SSU","Master, Legend",,"Experienced, Professional, Veteran, Expert, Master, Legend","Rookie, Trainee, Experienced, Professional, Master, Legend",,"Rookie, Trainee, Experienced, Professional, Veteran, Expert, Master, Legend",,,"Rookie, Trainee, Experienced, Professional, Veteran, Expert, Master, Legend",,"Expert, Master, Legend",
wpn_mp5,SMG,MP5A3,,,"Rookie, Experienced, Professional, Veteran, Expert",,"Veteran, Expert","Rookie, Trainee, Experienced, Professional, Veteran, Expert",,,"Rookie, Trainee, Experienced, Professional, Veteran, Expert","Rookie, Trainee, Experienced, Professional, Veteran, Expert",,,"Experienced, Professional, Veteran, Expert, Master, Legend"
wpn_mp7,SMG,MP7,,,"Master, Legend",,"Veteran, Expert, Master, Legend","Master, Legend",,"Rookie, Trainee, Experienced, Professional, Veteran, Expert, Master, Legend, Blackops squad","Experienced, Professional, Veteran, Expert, Master, Legend",,,,
wpn_sig220_n,Pistol,SIG P220,,,"Rookie",,"Veteran, Expert","Experienced, Professional, Veteran, Expert, Master, Legend",,"Rookie, Trainee, Experienced, Professional, Veteran, Expert, Master, Legend, Blackops squad","Rookie, Trainee, Experienced, Professional, Veteran, Expert, Master, Legend","Rookie, Trainee, Experienced, Professional, Veteran, Expert, Master, Legend, Gauss squad, Sniper squad, RG6 squad","Veteran, Expert, Master, Legend",,
wpn_akm_alfa,Rifle,AK Alfa,"Master, Legend",,,"Master, Legend","Master, Legend",,,"Rookie, Trainee, Experienced, Professional, Veteran, Expert, Master, Legend",,"Master, Legend","Master, Legend","Master, Legend",
wpn_aug,Rifle,Steyr AUG A1,,,"Experienced, Professional, Veteran, Expert, Master, Legend",,"Veteran, Expert","Experienced, Professional, Veteran, Expert",,,"Experienced, Professional, Veteran, Expert","Rookie, Trainee, Experienced, Professional, Veteran, Expert, Master, Legend","Experienced, Professional, Veteran, Expert, Master, Legend",,"Experienced, Professional, Veteran, Expert, Master, Legend"
bolt,Unknown,Bolt,"Experienced, Professional, Veteran, Expert, Master, Legend","Experienced, Professional, Veteran, Expert, Master, Legend","Experienced, Professional, Veteran, Expert, Master, Legend","Experienced, Professional, Veteran, Expert, Master, Legend","Experienced, Professional, Veteran, Expert, Master, Legend","Experienced, Professional, Veteran, Expert, Master, Legend","Experienced, Professional, Veteran, Expert, Master, Legend","Experienced, Professional, Veteran, Expert, Master, Legend","Experienced, Professional, Veteran, Expert, Master, Legend","Experienced, Professional, Veteran, Expert, Master, Legend","Experienced, Professional, Veteran, Expert, Master, Legend","Experienced, Professional, Veteran, Expert, Master, Legend",
wpn_ak74_pmc,Rifle,AK-74 "PMC","Veteran, Expert, Master, Legend",,,"Veteran, Expert, Master, Legend",,,,,,"Experienced, Professional, Veteran, Expert, Master, Legend",,,
wpn_ithacam37_stakeout_20x70,Shotgun,Ithaca M37 Stakeout,,"Rookie, Trainee, Experienced, Professional, Veteran, Expert","Rookie, Trainee, Experienced, Professional",,"Rookie, Trainee, Experienced, Professional","Rookie, Trainee, Experienced, Professional, Veteran, Expert",,,"Rookie, Trainee",,"Rookie, Trainee, Experienced, Professional","Rookie, Trainee, Experienced, Professional","Any, Rookie, Trainee, Experienced, Professional, Veteran, Expert"
wpn_ak74u_m1_isg,Rifle,RD Quickhatch 7.62 "ISG",,,,,,,"Legend","Veteran, Expert, Master, Legend",,"Master, Legend",,,
wpn_ump45_custom,SMG,UMP45,,,"Veteran, Expert, Master, Legend",,"Veteran, Expert, Master, Legend","Rookie, Trainee, Experienced, Professional, Veteran, Expert",,"Rookie, Trainee, Experienced, Professional, Veteran, Expert, Blackops squad","Rookie, Trainee, Experienced, Professional, Veteran, Expert","Rookie, Trainee, Experienced, Professional, Veteran, Expert","Experienced, Professional, Veteran, Expert","Master, Legend","Experienced, Professional, Veteran, Expert, Master, Legend"
wpn_rpg7,Explosive,RPG-7,"Master, Legend",,,"Master, Legend",,"Master, Legend","Master, Legend",,"Master, Legend","Veteran, Expert, Master, Legend",,,
wpn_ak74m_beard,Rifle,AK-74 "PMC","Veteran, Expert, Master, Legend","Master, Legend",,"Veteran, Expert, Master, Legend","Rookie, Trainee, Experienced, Professional, Master, Legend",,,,,"Experienced, Professional, Veteran, Expert, Master, Legend","Experienced, Professional, Veteran, Expert, Master, Legend","Experienced, Professional, Veteran, Expert, Master, Legend","Experienced, Professional, Veteran, Expert, Master, Legend"
wpn_akms_alt,Rifle,AKMS,"Rookie, Trainee, Experienced, Professional, Veteran, Expert, Master, Legend","Veteran, Expert, Master, Legend",,"Experienced, Professional, Veteran, Expert, Master, Legend","Master, Legend",,"Rookie, Trainee, Experienced, Professional, Veteran, Expert, Master, Legend",,,"Rookie, Trainee, Experienced, Professional, Veteran, Expert, Master, Legend",,"Expert, Master, Legend",
wpn_remington700_magpul_pro,Sniper Rifle,Remington 700 "Magpul PRO",,,"Veteran, Expert, Master, Legend",,"Veteran, Expert, Master, Legend","Experienced, Professional, Veteran, Expert, Master, Legend",,,"Experienced, Professional, Veteran, Expert, Master, Legend","Experienced, Professional, Veteran, Expert, Master, Legend, Sniper squad, Gauss squad, RG6 squad",,,
wpn_tt33_modern,Pistol,ŇŇ-33 7.62x25 ŇŇ,"Experienced, Professional, Veteran, Expert, Master, Legend, Sniper squad","Rookie, Trainee, Experienced, Professional, Veteran, Expert, Master, Legend","Trainee, Experienced, Professional, Veteran, Expert, Master, Legend","Experienced, Professional, Veteran, Expert, Master, Legend","Rookie, Trainee, Experienced, Professional, Master, Legend",,"Rookie, Trainee, Experienced, Professional, Veteran, Expert, Master, Legend",,,"Rookie, Trainee, Experienced, Professional, Veteran, Expert, Master, Legend, Gauss squad, Sniper squad, RG6 squad","Experienced, Professional","Rookie, Trainee, Experienced, Professional, Veteran, Expert, Master, Legend","Any, Rookie, Trainee"
wpn_vityaz,SMG,PP-19-01 Vityaz,"Rookie, Trainee, Experienced, Professional, Veteran, Expert, SSU","Rookie, Trainee, Experienced, Professional, Veteran, Expert","Trainee","Rookie, Trainee, Experienced, Professional, Veteran, Expert","Rookie, Trainee, Experienced, Professional",,,,,"Rookie, Trainee, Experienced, Professional, Veteran, Expert","Rookie, Trainee, Experienced, Professional, Veteran, Expert","Rookie, Trainee, Experienced, Professional, Veteran, Expert","Any, Rookie, Trainee, Experienced, Professional, Veteran, Expert, Master, Legend"
wpn_akm_isg,Rifle,RD 706 "ISG",,,,,,,"Legend","Veteran, Expert, Master, Legend",,"Master, Legend",,,
wpn_l85_m2,Rifle,L85A2,,,"Experienced, Professional, Veteran, Expert, Master, Legend",,"Veteran, Expert","Experienced, Professional, Veteran, Expert",,,"Rookie, Trainee, Experienced, Professional, Veteran, Expert","Rookie, Trainee, Experienced, Professional, Veteran, Expert, Master, Legend","Veteran, Expert, Master, Legend",,"Experienced, Professional, Veteran, Expert, Master, Legend"
wpn_wincheaster1300,Shotgun,TOZ-194,,,"Rookie, Experienced, Professional, Veteran, Expert",,"Veteran, Expert","Rookie, Trainee, Experienced, Professional, Veteran, Expert",,,"Rookie, Trainee, Experienced, Professional, Veteran, Expert","Rookie, Trainee, Experienced, Professional, Veteran, Expert","Rookie, Trainee, Experienced, Professional, Veteran, Expert",,"Experienced, Professional, Veteran, Expert, Master, Legend"
wpn_kriss_vector,SMG,KRISS Vector,,,"Master, Legend",,"Master, Legend","Master, Legend",,"Veteran, Expert, Master, Legend","Master, Legend","Legend",,,
wpn_ak74_isg,Rifle,RD 5.45 Custom "ISG",,,,,,,"Legend","Veteran, Expert, Master, Legend",,"Master, Legend",,,
wpn_colt1911_anarchy,Pistol,Colt M1911A1 .45 ACP,,,,,,"Veteran, Expert, Master, Legend",,"Veteran, Expert, Master, Legend","Master, Legend",,"Master, Legend",,
wpn_svd_m1,Sniper Rifle,SVD,"Veteran, Expert, Master, Legend, Sniper squad","Veteran, Expert, Master, Legend","Trainee","Veteran, Expert, Master, Legend","Rookie, Trainee, Experienced, Professional, Master, Legend",,"Rookie, Trainee, Experienced, Professional, Veteran, Expert, Master, Legend",,,"Rookie, Trainee, Experienced, Professional, Veteran, Expert, Master, Legend, Gauss squad, Sniper squad, RG6 squad","Rookie, Trainee, Experienced, Professional, Veteran, Expert, Master, Legend","Rookie, Trainee, Experienced, Professional, Veteran, Expert, Master, Legend","Any, Rookie, Trainee, Experienced, Professional, Veteran, Expert, Master, Legend"
wpn_toz34_obrez,Shotgun,TOZ-34 (Sawn-off),,"Rookie, Trainee, Experienced, Professional","Trainee",,"Rookie, Trainee, Experienced, Professional",,,,,,,"Rookie, Trainee, Experienced","Any, Rookie, Trainee, Experienced, Professional, Veteran, Expert"
wpn_saiga12s_isg,Shotgun,KS-12,,,,,"Master, Legend","Master, Legend","Legend","Master, Legend","Master, Legend","Legend",,,
wpn_ak74m,Rifle,AK-74M,"Experienced, Professional, Veteran, Expert","Veteran, Expert, Master, Legend",,"Experienced, Professional, Veteran, Expert","Rookie, Trainee, Experienced, Professional, Master, Legend",,"Rookie, Trainee, Experienced, Professional, Veteran, Expert, Master, Legend",,,"Rookie, Trainee, Experienced, Professional, Veteran, Expert, Master",,"Experienced, Professional, Veteran, Expert, Master, Legend","Experienced, Professional, Veteran, Expert, Master, Legend"
wpn_remington700_lapua700,Sniper Rifle,Remington 700 "Deer Hunter",,,,,"Master, Legend","Master, Legend",,,"Master, Legend","Legend, Sniper squad, Gauss squad, RG6 squad",,"Master, Legend",
wpn_pkm_siber,Rifle,PKM,,,,,"Master, Legend",,"Experienced, Professional, Veteran, Expert, Master, Legend",,,"Experienced, Professional, Veteran, Expert, Master, Legend",,"Master, Legend",
wpn_m45a1,Pistol,Colt M45A1 .45 ACP,,,,,"Veteran, Expert","Experienced, Professional, Veteran, Expert, Master, Legend",,"Rookie, Trainee, Experienced, Professional, Veteran, Expert","Veteran, Expert, Master, Legend",,,,
wpn_fort,Pistol,Fort-17,,,,"Experienced, Professional",,,,,,,,,
wpn_pkp_siber,Rifle,PKP Pecheneg,"Veteran, Expert, Master, Legend",,,"Veteran, Expert, Master, Legend","Master, Legend",,"Trainee, Experienced, Professional, Veteran, Expert, Master, Legend",,,"Experienced, Professional, Veteran, Expert, Master, Legend","Master, Legend","Master, Legend",
wpn_ak12_m1,Rifle,AK-12,"Veteran, Expert, Master, Legend",,,"Veteran, Expert, Master, Legend","Master, Legend",,,,,"Experienced, Professional, Veteran, Expert, Master, Legend",,"Expert, Master, Legend",
wpn_sig226,Pistol,SIG P226R,,,"Rookie",,"Veteran, Expert","Experienced, Professional, Veteran, Expert, Master, Legend",,"Rookie, Trainee, Experienced, Professional, Veteran, Expert, Master, Legend","Rookie, Trainee, Experienced, Professional, Veteran, Expert, Master, Legend","Rookie, Trainee, Experienced, Professional, Veteran, Expert, Master, Legend, Gauss squad, Sniper squad, RG6 squad","Veteran, Expert, Master, Legend",,
grenade_rgd5,Explosive,RGD-5 Grenade,"Experienced, Professional, Veteran, Expert, Master, Legend","Experienced, Professional, Veteran, Expert, Master, Legend","Experienced, Professional, Veteran, Expert, Master, Legend","Experienced, Professional, Veteran, Expert, Master, Legend","Experienced, Professional, Veteran, Expert, Master, Legend","Experienced, Professional, Veteran, Expert","Experienced, Professional, Veteran, Expert","Experienced, Professional, Veteran, Expert, Master, Legend","Experienced, Professional, Veteran, Expert, Master, Legend","Experienced, Professional, Veteran, Expert, Master, Legend","Experienced, Professional, Veteran, Expert, Master, Legend","Experienced, Professional, Veteran, Expert, Master, Legend",
wpn_m4a1_siber,Rifle,M4A1,,,"Experienced, Professional, Veteran, Expert, Master, Legend",,"Veteran, Expert, Master, Legend","Experienced, Professional, Veteran, Expert, Master, Legend",,"Rookie, Trainee, Experienced, Professional, Veteran, Expert, Master, Legend","Experienced, Professional, Veteran, Expert, Master, Legend","Rookie, Trainee, Experienced, Professional, Veteran, Expert, Master, Legend",,,"Experienced, Professional, Veteran, Expert, Master, Legend"
wpn_protecta,Shotgun,Armsel Protecta,"Rookie, Trainee, Experienced, Professional, Veteran, Expert","Experienced, Professional, Veteran, Expert",,"Rookie, Trainee, Experienced, Professional, Veteran, Expert",,,,,,"Rookie, Trainee, Experienced, Professional, Veteran, Expert","Rookie, Trainee, Experienced, Professional, Veteran, Expert",,
wpn_mp5_nimble,SMG,MP5A3 "Frasier",,,"Veteran, Expert, Master, Legend",,"Veteran, Expert, Master, Legend","Veteran, Expert",,,"Experienced, Professional, Veteran, Expert",,,,
wpn_glock17_m1,Pistol,Glock 17 "Bruder",,,"Rookie",,"Veteran, Expert","Experienced, Professional, Veteran, Expert, Master, Legend",,"Rookie, Trainee, Experienced, Professional, Veteran, Expert, Master, Legend","Rookie, Trainee, Experienced, Professional, Veteran, Expert, Master, Legend","Rookie, Trainee, Experienced, Professional, Veteran, Expert, Master, Legend, Gauss squad, Sniper squad, RG6 squad","Veteran, Expert, Master, Legend",,
wpn_fnp45,Pistol,FNP-45,,,"Rookie",,"Veteran, Expert","Experienced, Professional, Veteran, Expert, Master, Legend",,"Rookie, Trainee, Experienced, Professional, Veteran, Expert, Master, Legend","Rookie, Trainee, Experienced, Professional, Veteran, Expert, Master, Legend","Rookie, Trainee, Experienced, Professional, Veteran, Expert, Master, Legend, Gauss squad, Sniper squad, RG6 squad","Veteran, Expert, Master, Legend",,
wpn_fn57,Pistol,FN Five-seveN,,,"Rookie",,"Veteran, Expert","Experienced, Professional, Veteran, Expert, Master, Legend",,"Rookie, Trainee, Experienced, Professional, Veteran, Expert, Master, Legend, Blackops squad","Rookie, Trainee, Experienced, Professional, Veteran, Expert, Master, Legend","Rookie, Trainee, Experienced, Professional, Veteran, Expert, Master, Legend, Gauss squad, Sniper squad, RG6 squad","Veteran, Expert, Master, Legend",,
wpn_saiga12s_m2,Shotgun,Saiga-12 Tactical,"Veteran, Expert, Master, Legend",,,"Veteran, Expert, Master, Legend","Master, Legend",,"Rookie, Trainee, Experienced, Professional, Veteran, Expert, Master, Legend",,,"Experienced, Professional, Veteran, Expert, Master","Master, Legend","Professional, Veteran, Expert, Master, Legend",
wpn_m4_tac,Rifle,M4A1 "Protector",,,"Experienced, Professional, Veteran, Expert, Master, Legend",,"Veteran, Expert, Master, Legend","Experienced, Professional, Veteran, Expert, Master, Legend",,"Rookie, Trainee, Experienced, Professional, Veteran, Expert, Master, Legend, Blackops squad","Experienced, Professional, Veteran, Expert, Master, Legend","Rookie, Trainee, Experienced, Professional, Veteran, Expert, Master, Legend",,,"Experienced, Professional, Veteran, Expert, Master, Legend"
wpn_thompson_1921,SMG,Thompson Model 1921,,"Rookie, Trainee, Experienced, Professional, Veteran, Expert","Rookie, Experienced, Professional",,,"Rookie, Trainee, Experienced, Professional",,,"Rookie, Trainee",,,,"Experienced, Professional, Veteran, Expert, Master, Legend"
wpn_colt1911_n,Pistol,Colt M1911A1 .45 ACP,,,"Rookie",,"Veteran, Expert","Experienced, Professional, Veteran, Expert, Master, Legend",,"Rookie, Trainee, Experienced, Professional, Veteran, Expert, Master, Legend","Rookie, Trainee, Experienced, Professional, Veteran, Expert, Master, Legend","Rookie, Trainee, Experienced, Professional, Veteran, Expert, Master, Legend, Gauss squad, Sniper squad, RG6 squad",,,
wpn_colt1911_custom,Pistol,Colt 1911 Nightsword Custom (NSC),,,"Rookie",,"Veteran, Expert","Experienced, Professional, Veteran, Expert, Master, Legend",,"Rookie, Trainee, Experienced, Professional, Veteran, Expert, Master, Legend","Rookie, Trainee, Experienced, Professional, Veteran, Expert, Master, Legend","Rookie, Trainee, Experienced, Professional, Veteran, Expert, Master, Legend, Gauss squad, Sniper squad, RG6 squad",,,
wpn_ash12,Rifle,ShAK-12,"Veteran, Expert, Master, Legend, SSU",,,"Veteran, Expert, Master, Legend","Master, Legend",,"Trainee, Experienced, Professional, Veteran, Expert, Master, Legend","Rookie, Trainee, Experienced, Professional, Veteran, Expert, Master, Legend",,"Experienced, Professional, Veteran, Expert, Master, Legend",,"Master, Legend",
wpn_ak74u,Rifle,AKS-74UN,"Experienced, Professional, Veteran, Expert","Experienced, Professional, Veteran, Expert","Trainee","Rookie, Trainee, Experienced, Professional, Veteran, Expert","Rookie, Trainee, Experienced, Professional",,"Rookie, Trainee, Experienced, Professional, Veteran, Expert, Master, Legend",,,,"Experienced, Professional, Veteran, Expert, Master, Legend","Rookie, Trainee, Experienced, Professional, Veteran, Expert","Any, Rookie, Trainee, Experienced, Professional, Veteran, Expert, Master, Legend"
wpn_pp2000,SMG,PP-2000,"Rookie, Trainee, Experienced, Professional, Veteran, Expert, SSU","Veteran, Expert","Trainee","Rookie, Trainee, Experienced, Professional, Veteran, Expert","Rookie, Trainee, Experienced, Professional",,,,,"Rookie, Trainee, Experienced, Professional, Veteran, Expert",,"Rookie, Trainee, Experienced, Professional","Any, Rookie, Trainee, Experienced, Professional, Veteran, Expert, Master, Legend"
wpn_remington870,Shotgun,Remington 870,"Rookie, Trainee, Experienced, Professional, Veteran, Expert",,"Rookie, Trainee, Experienced, Professional, Veteran, Expert","Rookie, Trainee, Experienced, Professional, Veteran, Expert","Rookie, Trainee, Experienced, Professional, Veteran, Expert","Rookie, Trainee, Experienced, Professional, Veteran, Expert",,,"Rookie, Trainee, Experienced, Professional, Veteran, Expert",,,"Rookie, Trainee, Experienced, Professional, Veteran","Any, Rookie, Trainee, Experienced, Professional, Veteran, Expert, Master, Legend"
wpn_fal_aus,Rifle,SA-58 AUS,,,"Experienced, Professional, Veteran, Expert, Master, Legend",,"Veteran, Expert, Master, Legend","Experienced, Professional, Veteran, Expert, Master, Legend",,,"Experienced, Professional, Veteran, Expert, Master, Legend","Rookie, Trainee, Experienced, Professional, Veteran, Expert, Master, Legend",,,"Experienced, Professional, Veteran, Expert, Master, Legend"
wpn_ak5c_bas,Rifle,AK 5C,,,"Experienced, Professional, Veteran, Expert, Master, Legend",,"Veteran, Expert, Master, Legend","Experienced, Professional, Veteran, Expert, Master, Legend",,"Rookie, Trainee, Experienced, Professional, Veteran, Expert, Master, Legend","Experienced, Professional, Veteran, Expert, Master, Legend","Rookie, Trainee, Experienced, Professional, Veteran, Expert, Master, Legend",,,"Experienced, Professional, Veteran, Expert, Master, Legend"
wpn_glock,Pistol,Glock 19,,,"Rookie",,"Veteran, Expert","Experienced, Professional, Veteran, Expert, Master, Legend",,"Rookie, Trainee, Experienced, Professional, Veteran, Expert, Master, Legend","Rookie, Trainee, Experienced, Professional, Veteran, Expert, Master, Legend","Rookie, Trainee, Experienced, Professional, Veteran, Expert, Master, Legend, Gauss squad, Sniper squad, RG6 squad","Veteran, Expert, Master, Legend",,
wpn_aug_merc,Rifle,Thales EF88,,,"Experienced, Professional, Veteran, Expert, Master, Legend",,"Veteran, Expert","Experienced, Professional, Veteran, Expert",,,"Rookie, Trainee, Experienced, Professional, Veteran, Expert","Rookie, Trainee, Experienced, Professional, Veteran, Expert, Master, Legend",,,"Experienced, Professional, Veteran, Expert, Master, Legend"
wpn_ak104_alfa,Rifle,AK-104 "Alpha","Master, Legend",,,"Master, Legend","Master, Legend",,,"Rookie, Trainee, Experienced, Professional, Veteran, Expert, Master, Legend",,"Experienced, Professional, Veteran, Expert, Master, Legend",,"Expert, Master, Legend",
wpn_val,Rifle,AS Val,"Experienced, Professional, Veteran, Expert, Master, Legend, SSU","Master, Legend",,"Experienced, Professional, Veteran, Expert, Master, Legend","Master, Legend",,"Rookie, Trainee, Experienced, Professional, Veteran, Expert, Master, Legend",,,"Rookie, Trainee, Experienced, Professional, Veteran, Expert, Master, Legend",,"Expert, Master, Legend",
wpn_udp9,SMG,UDP-9 Carbine,,,"Rookie, Experienced, Professional, Veteran, Expert",,,"Rookie, Trainee, Experienced, Professional",,,"Rookie, Trainee, Experienced, Professional, Veteran, Expert",,"Experienced, Professional",,
wpn_ace52,Rifle,Galil ACE-52,,,"Experienced, Professional, Veteran, Expert, Master, Legend",,"Veteran, Expert, Master, Legend","Experienced, Professional, Veteran, Expert, Master, Legend",,"Rookie, Trainee, Experienced, Professional, Veteran, Expert, Master, Legend","Experienced, Professional, Veteran, Expert, Master, Legend","Rookie, Trainee, Experienced, Professional, Veteran, Expert, Master, Legend",,,"Experienced, Professional, Veteran, Expert, Master, Legend"
wpn_vssk,Sniper Rifle,VSSK Vykhlop,"Experienced, Professional, Veteran, Expert, Master, Legend",,,"Experienced, Professional, Veteran, Expert, Master, Legend","Master, Legend",,"Rookie, Trainee",,,"Rookie, Trainee, Experienced, Professional, Veteran, Expert, Master, Legend, Gauss squad, Sniper squad, RG6 squad","Master, Legend","Master, Legend",
wpn_bm16_full,Shotgun,TOZ-66,,"Rookie, Trainee, Experienced, Professional, Veteran, Expert","Trainee","Rookie, Trainee","Rookie, Trainee, Experienced, Professional",,,,,,,"Rookie, Trainee, Experienced","Any, Rookie, Trainee, Experienced, Professional, Veteran, Expert"
wpn_mp155,Shotgun,MP-155,"Experienced, Professional, Veteran, Expert","Veteran, Expert, Master, Legend",,"Rookie, Trainee, Experienced, Professional, Veteran, Expert",,,,,,"Experienced, Professional, Veteran, Expert, Master, Legend","Rookie, Trainee, Experienced, Professional, Veteran, Expert, Master, Legend",,
wpn_ak105_swamp,Rifle,AK-105 "Swamp Thing",,,"Master, Legend",,,,,,,,,,
wpn_mosin,Sniper Rifle,Mosin Nagant,"Rookie, Trainee","Rookie, Trainee, Experienced, Professional, Veteran, Expert","Trainee","Rookie, Trainee, Experienced, Professional, Veteran, Expert","Rookie, Trainee, Experienced, Professional",,,,,,"Rookie, Trainee, Experienced, Professional, Veteran, Expert","Rookie, Trainee, Experienced, Professional, Veteran, Expert","Any, Rookie, Trainee, Experienced, Professional, Veteran, Expert, Master, Legend"
wpn_rpd,Rifle,RPD,"Master, Legend",,,"Master, Legend","Master, Legend",,"Rookie, Trainee, Experienced, Professional, Veteran, Expert, Master, Legend",,,,"Master, Legend","Expert, Master, Legend",
grenade_gd-05,Explosive,Thermite Grenade,"Experienced, Professional, Veteran, Expert, Master, Legend","Experienced, Professional, Veteran, Expert, Master, Legend","Experienced, Professional, Veteran, Expert, Master, Legend","Experienced, Professional, Veteran, Expert, Master, Legend","Experienced, Professional, Veteran, Expert, Master, Legend","Experienced, Professional, Veteran, Expert","Experienced, Professional, Veteran, Expert","Experienced, Professional, Veteran, Expert, Master, Legend","Experienced, Professional, Veteran, Expert, Master, Legend","Experienced, Professional, Veteran, Expert, Master, Legend","Experienced, Professional, Veteran, Expert, Master, Legend","Experienced, Professional, Veteran, Expert, Master, Legend",
wpn_svds_pmc,Sniper Rifle,SVDS "Retribution","Master, Legend",,,"Master, Legend","Master, Legend",,,,,"Master, Legend",,"Master, Legend",
wpn_aps,Pistol,APS Stechkin,"Rookie, Trainee, Experienced, Professional, Veteran, Expert, Master, Legend, Sniper squad","Rookie, Trainee, Experienced, Professional, Veteran, Expert, Master, Legend","Trainee, Experienced, Professional, Veteran, Expert, Master, Legend","Rookie, Trainee, Experienced, Professional, Veteran, Expert, Master, Legend","Rookie, Trainee, Experienced, Professional, Master, Legend",,"Rookie, Trainee, Experienced, Professional, Veteran, Expert, Master, Legend",,,"Rookie, Trainee, Experienced, Professional, Veteran, Expert, Master, Legend, Gauss squad, Sniper squad, RG6 squad","Experienced, Professional, Veteran, Expert, Master, Legend","Rookie, Trainee, Experienced, Professional, Veteran, Expert, Master, Legend","Any, Rookie, Trainee"
wpn_bm16,Shotgun,TOZ-66 (Sawn-off),,"Rookie, Trainee, Experienced, Professional","Trainee",,"Rookie, Trainee, Experienced, Professional",,,,,,,"Rookie, Trainee, Experienced","Any, Rookie, Trainee, Experienced, Professional, Veteran, Expert"
wpn_vihr,Rifle,SR-3M Vikhr,"Master, Legend, SSU","Master, Legend",,"Master, Legend","Master, Legend",,"Trainee, Experienced, Professional, Veteran, Expert, Master, Legend",,,"Master, Legend",,"Master, Legend",
wpn_mp9,SMG,Brugger & Thomet MP9,,,"Rookie, Experienced, Professional, Veteran, Expert",,"Veteran, Expert","Rookie, Trainee, Experienced, Professional, Veteran, Expert",,"Rookie, Trainee, Experienced, Professional, Veteran, Expert","Rookie, Trainee, Experienced, Professional, Veteran, Expert","Rookie, Trainee, Experienced, Professional, Veteran, Expert","Rookie, Trainee, Experienced, Professional, Veteran, Expert",,"Experienced, Professional, Veteran, Expert, Master, Legend"
wpn_groza,Rifle,OC-14 Groza,"Experienced, Professional, Veteran, Expert, Master, Legend, SSU",,,"Experienced, Professional, Veteran, Expert, Master, Legend",,,"Rookie, Trainee, Experienced, Professional, Veteran, Expert, Master, Legend",,,"Rookie, Trainee, Experienced, Professional, Veteran, Expert, Master, Legend",,,
wpn_fort17,Pistol,Fort-17,"Rookie, Trainee, Experienced, Professional, Veteran, Expert, Master, Legend, Sniper squad","Rookie, Trainee, Experienced, Professional, Veteran, Expert, Master, Legend","Rookie, Trainee, Experienced, Professional, Veteran, Expert, Master, Legend","Rookie, Trainee, Experienced, Professional, Veteran, Expert, Master, Legend","Rookie, Trainee, Experienced, Professional, Master, Legend",,"Rookie, Trainee, Experienced, Professional, Veteran, Expert, Master, Legend",,"Rookie, Trainee, Experienced, Professional, Veteran, Expert","Rookie, Trainee, Experienced, Professional, Veteran, Expert, Master, Legend, Gauss squad, Sniper squad, RG6 squad","Experienced, Professional, Veteran, Expert, Master, Legend","Rookie, Trainee, Experienced, Professional, Veteran, Expert, Master, Legend","Any, Rookie, Trainee, Experienced, Professional, Veteran, Expert"
wpn_mossberg590_rail,Shotgun,Mossberg 590A1,"Rookie, Trainee, Experienced, Professional, Veteran, Expert",,"Rookie, Trainee, Experienced, Professional, Veteran, Expert","Rookie, Trainee, Experienced, Professional, Veteran, Expert","Rookie, Trainee, Experienced, Professional, Veteran, Expert","Rookie, Trainee, Experienced, Professional, Veteran, Expert",,,"Rookie, Trainee, Experienced, Professional, Veteran, Expert",,,"Rookie, Trainee, Experienced, Professional, Veteran","Any, Rookie, Trainee, Experienced, Professional, Veteran, Expert, Master, Legend"
wpn_mp443,Pistol,MP-443 Grach,"Experienced, Professional, Veteran, Expert, Master, Legend, Sniper squad","Rookie, Trainee, Experienced, Professional, Veteran, Expert, Master, Legend","Trainee, Experienced, Professional, Veteran, Expert, Master, Legend","Experienced, Professional, Veteran, Expert, Master, Legend","Rookie, Trainee, Experienced, Professional, Master, Legend",,"Rookie, Trainee, Experienced, Professional, Veteran, Expert, Master, Legend",,,"Rookie, Trainee, Experienced, Professional, Veteran, Expert, Master, Legend, Gauss squad, Sniper squad, RG6 squad","Experienced, Professional","Rookie, Trainee, Experienced, Professional, Veteran, Expert, Master, Legend","Any, Rookie, Trainee"
wpn_dtmdr_black,Rifle,Desert Tech MDR 7.62x51,,,"Master, Legend",,"Veteran, Expert, Master, Legend","Veteran, Expert, Master, Legend",,"Rookie, Trainee, Experienced, Professional, Veteran, Expert, Master, Legend","Experienced, Professional, Veteran, Expert, Master, Legend","Master, Legend",,,
wpn_oc33,Pistol,OTs-33 "Pernach","Rookie, Trainee, Experienced, Professional, Veteran, Expert, Master, Legend, SSU, Sniper squad","Rookie, Trainee, Experienced, Professional, Veteran, Expert, Master, Legend","Trainee, Experienced, Professional, Veteran, Expert, Master, Legend","Rookie, Trainee, Experienced, Professional, Veteran, Expert, Master, Legend","Rookie, Trainee, Experienced, Professional, Master, Legend",,"Rookie, Trainee, Experienced, Professional, Veteran, Expert, Master, Legend",,,"Rookie, Trainee, Experienced, Professional, Veteran, Expert, Master, Legend, Gauss squad, Sniper squad, RG6 squad","Experienced, Professional, Veteran, Expert, Master, Legend","Rookie, Trainee, Experienced, Professional, Veteran, Expert, Master, Legend","Any, Rookie, Trainee"
wpn_ak103,Rifle,AK-103,"Experienced, Professional, Veteran, Expert, Master, Legend","Veteran, Expert, Master, Legend",,"Experienced, Professional, Veteran, Expert, Master, Legend","Master, Legend",,"Rookie, Trainee, Experienced, Professional, Veteran, Expert, Master, Legend",,,"Rookie, Trainee, Experienced, Professional, Veteran, Expert, Master, Legend",,"Expert, Master, Legend",
wpn_kiparis,SMG,OTs-02 Kiparis,"Rookie, Trainee, Experienced, Professional","Rookie, Trainee, Experienced, Professional, Veteran, Expert","Trainee","Rookie, Trainee, Experienced, Professional","Rookie, Trainee, Experienced, Professional",,,,,,"Rookie, Trainee, Experienced, Professional, Veteran, Expert","Rookie, Trainee, Experienced, Professional, Veteran, Expert","Any, Rookie, Trainee, Experienced, Professional, Veteran, Expert, Master, Legend"
wpn_fal_sa58_osw,Rifle,SA-58 OSW,,,"Veteran, Expert, Master, Legend",,"Veteran, Expert, Master, Legend","Veteran, Expert, Master, Legend",,"Rookie, Trainee, Experienced, Professional, Veteran, Expert, Master, Legend","Experienced, Professional, Veteran, Expert, Master, Legend","Master, Legend",,,
wpn_ak101,Rifle,AK-101,"Experienced, Professional, Veteran, Expert","Veteran, Expert, Master, Legend",,"Experienced, Professional, Veteran, Expert",,,,,,"Rookie, Trainee, Experienced, Professional, Veteran, Expert","Experienced, Professional, Veteran, Expert, Master, Legend",,
wpn_sig550_custom,Rifle,SIG SG 550,,,"Experienced, Professional, Veteran, Expert, Master, Legend",,"Veteran, Expert, Master, Legend","Experienced, Professional, Veteran, Expert, Master, Legend",,"Rookie, Trainee, Experienced, Professional, Veteran, Expert, Master, Legend","Experienced, Professional, Veteran, Expert, Master, Legend","Rookie, Trainee, Experienced, Professional, Veteran, Expert, Master, Legend",,,"Experienced, Professional, Veteran, Expert, Master, Legend"
wpn_ithacam37_trench,Shotgun,Ithaca M37 Trenchgun,,,"Rookie, Experienced, Professional, Veteran, Expert, Master, Legend",,"Veteran, Expert","Rookie, Trainee, Experienced, Professional, Veteran, Expert",,,"Rookie, Trainee, Experienced, Professional, Veteran, Expert",,,,"Experienced, Professional, Veteran, Expert, Master, Legend"
wpn_abakan_n,Rifle,AN-94,"Experienced, Professional, Veteran, Expert, Master, Legend","Master, Legend",,"Experienced, Professional, Veteran, Expert, Master, Legend","Master, Legend",,"Trainee, Experienced, Professional, Veteran, Expert, Master, Legend",,,"Experienced, Professional, Veteran, Expert, Master, Legend","Veteran, Expert, Master, Legend","Expert, Master, Legend",
wpn_thompson_m1a1,SMG,Thompson M1A1,,"Rookie, Trainee, Experienced, Professional","Rookie, Experienced, Professional",,,"Rookie, Trainee, Experienced, Professional",,,"Rookie, Trainee",,,,"Experienced, Professional, Veteran, Expert, Master, Legend"
wpn_m4_ru556,Rifle,Ruger SR-556,,,"Master, Legend",,"Master, Legend","Master, Legend",,"Rookie, Trainee, Experienced, Professional, Veteran, Expert, Master, Legend","Master, Legend","Legend",,,
wpn_steyr_scout_big,Sniper Rifle,Steyr Scout 7.62,,,"Rookie, Experienced, Professional, Veteran, Expert, Master, Legend",,"Veteran, Expert, Master, Legend","Experienced, Professional, Veteran, Expert, Master, Legend",,,"Experienced, Professional, Veteran, Expert, Master, Legend","Rookie, Trainee, Experienced, Professional, Veteran, Expert, Master, Legend",,,"Experienced, Professional, Veteran, Expert, Master, Legend"
wpn_amb17,Rifle,AMB-17,"Master, Legend",,,"Master, Legend","Master, Legend",,"Legend","Veteran, Expert, Master, Legend",,"Legend",,"Master, Legend",
wpn_ppsh41,SMG,PPSh-41,"Rookie, Trainee, Experienced, Professional","Rookie, Trainee, Experienced, Professional, Veteran, Expert","Trainee","Rookie, Trainee, Experienced, Professional","Rookie, Trainee, Experienced, Professional",,,,,,"Rookie, Trainee, Experienced, Professional","Rookie, Trainee, Experienced, Veteran","Any, Rookie, Trainee, Experienced, Professional, Veteran, Expert"
